Network,Station,Latitude,Longitude,Elevation,SiteName,StartTime,EndTime
IU,AAE,9.0292,38.7656,2442.0,"Addis Ababa, Ethiopia",1994-12-12T00:00:00.0000,1997-09-16T00:00:00.0000
IU,AAE1,9.0292,38.7656,2442.0,"Addis Ababa, Ethiopia",1994-12-11T23:59:59.0000,1997-09-15T23:59:59.0000
IU,ADK,51.8823,-176.6842,130.0,"Adak, Aleutian Islands, Alaska",1993-09-21T00:00:00.0000,2009-02-14T00:00:00.0000
IU,ADK,51.8823,-176.6842,130.0,"Adak, Aleutian Islands, Alaska",2009-07-19T00:00:00.0000,
IU,AFI,-13.90853,-171.78265,706.0,"Afiamalu, Samoa",1993-08-24T00:00:00.0000,
IU,ANMO,34.9459,-106.4572,1850.0,"Albuquerque, New Mexico, USA",1989-08-29T00:00:00.0000,2000-10-19T16:00:00.0000
IU,ANMO,34.9502,-106.4602,1839.0,"Albuquerque, New Mexico, USA",2000-10-19T16:00:00.0000,2002-11-19T21:07:00.0000
IU,ANMO,34.94591,-106.4572,1820.0,"Albuquerque, New Mexico, USA",2002-11-19T21:07:00.0000,
IU,ANTO,39.868,32.7934,1090.0,"Ankara, Turkey",1992-09-25T00:00:00.0000,1998-06-09T00:00:00.0000
IU,ANTO,39.868,32.7934,1090.0,"Ankara, Turkey",2002-05-30T00:00:00.0000,
IU,BBSR,32.371299,-64.696299,30.0,"Bermuda Institute of Ocean Sciences, St George's Bermuda",2002-07-10T00:00:00.0000,2008-07-31T00:00:00.0000
IU,BBSR,32.371299,-64.696299,30.0,"Bermuda Institute of Ocean Sciences, St George's Bermuda",2008-08-01T00:00:00.0000,
IU,BILL,68.0653,166.4531,320.0,"Bilibino, Russia",1995-08-16T00:00:00.0000,
IU,BOCO,4.5869,-74.0432,3160.0,"Bogota, Colombia",1994-06-06T00:00:00.0000,1996-08-22T00:00:00.0000
IU,CASY,-66.2792,110.5354,10.0,"Casey, Antarctica",1996-02-19T00:00:00.0000,
IU,CCM,38.0557,-91.2446,222.0,"Cathedral Cave, Missouri, USA",1989-07-28T00:00:00.0000,
IU,CHTO,18.8141,98.9443,420.0,"Chiang Mai, Thailand",1992-08-31T00:00:00.0000,2009-09-19T07:28:36.0000
IU,CHTO,18.8141,98.9443,420.0,"Chiang Mai, Thailand",2009-09-19T14:35:27.0000,
IU,COL,64.8993,-147.7954,320.0,"College Outpost, Alaska, USA",1991-03-04T00:00:00.0000,1996-05-11T00:00:00.0000
IU,COL,64.8993,-147.7954,320.0,"College Outpost, Alaska, USA",1997-08-22T00:00:00.0000,1997-10-30T00:00:00.0000
IU,COLA,64.873599,-147.8616,200.0,"College Outpost, Alaska, USA",1996-06-14T00:00:00.0000,2009-07-08T22:00:00.0000
IU,COLA,64.873599,-147.8616,200.0,"College Outpost, Alaska, USA",2009-07-09T00:00:00.0000,
IU,COR,44.5855,-123.3046,110.0,"Corvallis, Oregon, USA",1989-10-26T00:00:00.0000,
IU,CTAO,-20.0882,146.2545,357.0,"Charters Towers, Australia",1991-06-17T00:00:00.0000,2019-02-04T00:00:00.0000
IU,CTAO,-20.08765,146.24998,367.0,"Charters Towers, Australia",2019-05-17T00:00:00.0000,
IU,DAV,7.0697,125.5791,150.0,"Davao, Philippines",1994-12-18T00:00:00.0000,2011-07-22T00:00:00.0000
IU,DAV,7.0697,125.5791,151.0,"Davao, Philippines",2011-07-27T00:00:00.0000,
IU,DWPF,28.1103,-81.4327,30.0,"Disney Wilderness Preserve, Florida, USA",1998-08-02T00:00:00.0000,
IU,FUNA,-8.5259,179.1966,20.0,"Funafuti, Tuvalu",2004-01-21T20:24:00.0000,
IU,FURI,8.8952,38.6798,2570.0,"Mt. Furi, Ethiopia",1997-09-01T00:00:00.0000,
IU,GNI,40.148,44.741,1609.0,"Garni, Armenia",1991-07-10T00:00:00.0000,
IU,GRFO,49.6909,11.2203,384.0,"Grafenberg, Germany",1994-01-26T00:00:00.0000,2013-11-20T00:00:00.0000
IU,GRFO,49.6909,11.2203,384.0,"Grafenberg, Germany",2015-01-19T00:00:00.0000,
IU,GUMO,13.5893,144.8684,170.0,"Guam, Mariana Islands",1991-06-09T00:00:00.0000,2010-01-11T12:00:00.0000
IU,GUMO,13.5893,144.8684,170.0,"Guam, Mariana Islands",2010-01-12T00:00:00.0000,
IU,HKT,29.9618,-95.8384,-413.0,"Hockley, Texas",1995-07-11T00:00:00.0000,2018-01-26T16:50:00.0000
IU,HKT,29.96478,-95.83812,69.0,Hockley1 Texas,2018-01-26T16:50:00.0000,
IU,HNR,-9.4387,159.9475,100.0,"Honiara, Solomon Islands",1993-10-22T00:00:00.0000,
IU,HRV,42.5064,-71.5583,200.0,"Adam Dziewonski Observatory (Oak Ridge), Massachusetts, USA",1988-01-01T00:00:00.0000,2007-11-10T00:00:00.0000
IU,HRV,42.5064,-71.5583,200.0,"Adam Dziewonski Observatory (Oak Ridge), Massachusetts, USA",2008-09-22T00:00:00.0000,
IU,INCN,37.4776,126.6239,80.0,"Inchon, Republic of Korea",1995-07-20T00:00:00.0000,2012-10-16T00:00:00.0000
IU,INCN,37.47768,126.62436,55.0,"Inchon, Republic of Korea",2013-11-21T00:00:00.0000,
IU,JOHN,16.7329,-169.5292,2.0,"Johnston Island, USA",1998-07-24T00:00:00.0000,
IU,KBL,34.5408,69.0432,1920.0,"Kabul, Afghanistan",2006-11-09T00:00:00.0000,2024-01-09T00:00:00.0000
IU,KBS,78.9154,11.9385,90.0,"Ny-Alesund, Spitzbergen, Norway",1994-11-05T00:00:00.0000,
IU,KEV,69.7565,27.0035,100.0,"Kevo, Finland",1993-06-07T00:00:00.0000,
IU,KIEV,50.7012,29.2242,180.0,"Kiev, Ukraine",1995-01-30T00:00:00.0000,2017-10-27T00:00:00.0000
IU,KIEV,50.7012,29.2242,180.0,"Kiev, Ukraine",2017-11-07T00:00:00.0000,
IU,KIP,21.42,-158.0112,110.0,"Kipapa, Hawaii, USA",1988-08-15T00:00:00.0000,
IU,KMBO,-1.1271,37.2525,1950.0,"Kilima Mbogo, Kenya",1995-09-17T00:00:00.0000,
IU,KNTN,-2.7744,-171.7186,20.0,"Kanton, Kiritibati",2007-12-04T00:00:00.0000,
IU,KONO,59.6491,9.5982,216.0,"Kongsberg, Norway",1991-06-20T00:00:00.0000,2009-09-12T11:42:58.0000
IU,KONO,59.6491,9.5982,216.0,"Kongsberg, Norway",2009-09-12T15:02:42.0000,2022-10-31T10:00:00.0000
IU,KONO,59.6521,9.5946,558.0,"Kongsberg, Norway",2022-10-31T10:00:00.0000,
IU,KOWA,14.4967,-4.014,321.0,"Kowa, Mali",1998-03-08T00:00:00.0000,2001-05-20T00:00:00.0000
IU,KOWA,14.4967,-4.014,321.0,"Kowa, Mali",2011-05-27T00:00:00.0000,2017-10-26T00:00:00.0000
IU,LCO,-29.011,-70.7004,2300.0,"Las Campanas Astronomical Observatory, Chile",1998-12-20T00:00:00.0000,2014-08-04T00:00:00.0000
IU,LCO,-29.011,-70.7005,2274.0,"Las Campanas Astronomical Observatory, Chile",2014-08-04T00:00:00.0000,
IU,LSZ,-15.2779,28.1882,1200.0,"Lusaka, Zambia",1994-08-05T00:00:00.0000,
IU,LVC,-22.6127,-68.9111,2960.0,"Limon Verde, Chile",1996-12-02T00:00:00.0000,2009-04-09T06:00:00.0000
IU,LVC,-22.6127,-68.9111,2960.0,"Limon Verde, Chile",2009-04-10T00:00:00.0000,2018-11-10T00:00:00.0000
IU,MA2,59.5756,150.77,339.0,"Magadan, Russia",1993-09-17T00:00:00.0000,2007-08-06T00:00:00.0000
IU,MA2,59.5756,150.77,337.0,"Magadan, Russia",2010-07-20T00:00:00.0000,
IU,MACI,28.2502,-16.508199,1674.0,"Morro de la Arena, Canary Islands",2008-08-01T00:00:00.0000,
IU,MAJO,36.54567,138.20406,405.0,"Matsushiro, Japan",1990-08-18T00:00:00.0000,
IU,MAKZ,46.808,81.977,600.0,"Makanchi, Kazakhstan",1996-09-14T00:00:00.0000,2004-03-18T00:00:00.0000
IU,MAKZ,46.808,81.977,600.0,"Makanchi, Kazakhstan",2010-09-10T00:00:00.0000,
IU,MBWA,-21.159,119.7313,190.0,"Marble Bar, Western Australia",2001-08-25T00:00:00.0000,
IU,MIDW,28.2156,-177.3698,20.0,"Midway Island, USA",1999-10-23T00:00:00.0000,
IU,MSKU,-1.6557,13.6116,312.0,"Masuku, Gabon",1999-02-27T00:00:00.0000,2010-06-16T00:00:00.0000
IU,NAI,-1.2739,36.8037,1692.0,"Nairobi, Kenya",1995-01-05T00:00:00.0000,1995-09-18T00:00:00.0000
IU,NWAO,-32.9277,117.239,380.0,"Narrogin, Australia",1991-11-25T00:00:00.0000,
IU,OTAV,0.2376,-78.4508,3510.0,"Otavalo, Ecuador",2000-09-07T00:00:00.0000,2009-03-30T18:00:00.0000
IU,OTAV,0.2376,-78.4508,3510.0,"Otavalo, Ecuador",2009-04-01T00:00:00.0000,
IU,PAB,39.5446,-4.3499,950.0,"San Pablo, Spain",1992-10-20T00:00:00.0000,2009-08-13T19:00:00.0000
IU,PAB,39.5446,-4.3499,950.0,"San Pablo, Spain",2009-08-14T00:00:00.0000,
IU,PAYG,-0.6742,-90.2861,270.0,"Puerto Ayora, Galapagos Islands",1998-06-19T00:00:00.0000,
IU,PET,53.0233,158.6499,110.0,"Petropavlovsk, Russia",1993-08-28T00:00:00.0000,
IU,PMG,-9.4047,147.1597,90.0,"Port Moresby, New Guinea",1993-09-10T00:00:00.0000,
IU,PMSA,-64.7744,-64.0489,40.0,"Palmer Station, Antarctica",1993-03-03T00:00:00.0000,
IU,POHA,19.7573,-155.5326,1990.0,"Pohakuloa, Hawaii, USA",1999-11-13T00:00:00.0000,
IU,PTCN,-25.0713,-130.0953,220.0,"Pitcairn Island, South Pacific",1996-12-29T00:00:00.0000,
IU,PTGA,-0.7308,-59.9666,237.0,"Pitinga, Brazil",1995-11-15T00:00:00.0000,2015-11-27T00:00:00.0000
IU,QSPA,-89.9289,144.4382,2850.0,South Pole Remote Earth Science Observatory (Quiet Zone),2002-12-29T00:00:00.0000,
IU,RAIO,46.0403,-122.8851,1.0,"Rainier, Oregon, USA",1995-08-30T00:00:00.0000,1997-05-08T00:00:00.0000
IU,RAIO,46.0403,-122.8851,11.0,"Rainier, Oregon, USA",1997-05-08T00:00:00.0000,1999-01-04T00:00:00.0000
IU,RAO,-29.245,-177.929,60.0,"Raoul, Kermadec Islands",2004-07-18T00:00:00.0000,
IU,RAR,-21.2125,-159.7733,28.0,"Rarotonga, Cook Islands",1992-03-07T00:00:00.0000,
IU,RCBR,-5.8274,-35.9014,400.0,"Riachuelo, Brazil",1999-03-01T00:00:00.0000,2009-07-28T17:00:00.0000
IU,RCBR,-5.8274,-35.9014,400.0,"Riachuelo, Brazil",2009-07-29T00:00:00.0000,
IU,RSSD,44.1212,-104.0359,2090.0,"Black Hills, South Dakota, USA",1999-09-24T00:00:00.0000,2009-09-08T20:00:00.0000
IU,RSSD,44.1212,-104.0359,2090.0,"Black Hills, South Dakota, USA",2009-09-09T00:00:00.0000,
IU,SAML,-8.9489,-63.1831,120.0,"Samuel, Brazil",2003-05-05T00:00:00.0000,
IU,SBA,-77.8492,166.7572,50.0,"Scott Base, Antarctica",1998-10-28T00:00:00.0000,
IU,SDV,8.8839,-70.634,1620.0,"Santo Domingo, Venezuela",1994-08-19T00:00:00.0000,
IU,SEO,37.5667,126.9667,86.0,"Seoul, South Korea",1994-11-26T00:00:00.0000,1995-07-04T00:00:00.0000
IU,SFJ,66.9967,-50.6156,365.0,"Sondre Stromfjord, Greenland",1996-03-21T00:00:00.0000,2005-01-31T16:00:00.0000
IU,SFJD,66.9961,-50.62076,330.0,"Sondre Stromfjord, Greenland",2005-01-31T16:00:00.0000,
IU,SJG,18.1091,-66.15,420.0,"San Juan, Puerto Rico",1993-05-26T00:00:00.0000,2010-04-15T15:00:00.0000
IU,SJG,18.1091,-66.15,420.0,"San Juan, Puerto Rico",2010-04-16T00:00:00.0000,
IU,SLBS,23.6858,-109.9443,825.0,"Sierra la Laguna Baja California Sur, Mexico",2008-12-15T00:00:00.0000,
IU,SNZO,-41.3087,174.7043,120.0,"South Karori, New Zealand",1992-04-07T00:00:00.0000,
IU,SPA,-89.9954,115,2927.0,"South Pole, Antarctica",1991-12-18T00:00:00.0000,1996-12-09T00:00:00.0000
IU,SPA,-90,0,2927.0,"South Pole, Antarctica",1996-12-09T00:00:00.0000,2004-01-08T00:00:00.0000
IU,SSPA,40.6358,-77.8876,270.0,"Standing Stone, Pennsylvania",1994-12-01T00:00:00.0000,2010-09-26T00:00:00.0000
IU,SSPA,40.6358,-77.8876,270.0,"Standing Stone, Pennsylvania",2010-09-27T00:00:00.0000,
IU,TARA,1.3549,172.9229,20.0,"Tarawa Island, Republic of Kiribati",2007-01-01T00:00:00.0000,2009-11-12T20:11:34.0000
IU,TARA,1.3549,172.9229,20.0,"Tarawa Island, Republic of Kiribati",2009-11-13T00:10:27.0000,
IU,TATO,24.9735,121.4971,160.0,"Taipei, Taiwan",1992-09-26T00:00:00.0000,2009-09-21T04:10:42.0000
IU,TATO,24.9735,121.4971,160.0,"Taipei, Taiwan",2009-09-22T13:56:41.0000,
IU,TBT,28.6794,-17.9145,180.0,"Taburiente, Canary Islands, Spain",1993-03-17T00:00:00.0000,1996-08-22T00:00:00.0000
IU,TEIG,20.2263,-88.2763,40.0,"Tepich, Yucatan, Mexico",1996-11-01T00:00:00.0000,
IU,TIXI,71.6341,128.8667,40.0,"Tiksi, Russia",1995-08-15T00:00:00.0000,
IU,TOL,39.8814,-4.048499,480.0,"Toledo, Spain",1991-08-09T00:00:00.0000,1992-10-01T00:00:00.0000
IU,TRIS,-37.0681,-12.3152,60.0,Tristan da Cunha,2004-03-03T00:00:00.0000,
IU,TRQA,-38.0568,-61.9787,540.0,"Tornquist, Argentina",2000-10-28T00:00:00.0000,2009-05-19T13:00:00.0000
IU,TRQA,-38.0568,-61.9787,540.0,"Tornquist, Argentina",2009-05-19T20:00:00.0000,
IU,TSUM,-19.2022,17.5838,1260.0,"Tsumeb, Namibia",1994-08-19T00:00:00.0000,
IU,TUC,32.3098,-110.7847,910.0,"Tucson, Arizona",1992-06-13T00:00:00.0000,2009-05-28T19:35:00.0000
IU,TUC,32.3098,-110.7847,910.0,"Tucson, Arizona",2009-05-28T19:40:00.0000,
IU,ULN,47.8651,107.0532,1610.0,"Ulaanbaatar, Mongolia",1994-10-31T00:00:00.0000,
IU,WAKE,19.2834,166.652,20.0,Wake Island,1997-05-06T00:00:00.0000,2007-08-29T00:00:00.0000
IU,WAKE,19.2834,166.652,20.0,Wake Island,2007-11-15T00:00:00.0000,
IU,WCI,38.2289,-86.2939,210.0,"Wyandotte Cave, Indiana, USA",1997-07-17T00:00:00.0000,
IU,WVT,36.1297,-87.83,170.0,"Waverly, Tennessee, USA",1997-04-16T00:00:00.0000,
IU,XMAS,2.0448,-157.4457,20.0,"Kiritimati Island, Republic of Kiribati",1997-08-22T00:00:00.0000,
IU,YAK,62.031,129.6805,110.0,"Yakutsk, Russia",1993-08-31T00:00:00.0000,
IU,YSS,46.9587,142.7604,150.0,"Yuzhno Sakhalinsk, Russia",1992-05-31T00:00:00.0000,
